srcDroneId,destDroneId,packetRate,energy,distance,packetRateAvg,energyAvg,distanceAvg,packetRateDelta,energyDelta,distanceDelta,flooderProb,fakerProb,captureProb,riskScore,criticality,destDroneTier,avlCpuCycles,computeEaser,slaNetworkSpeed,networkSpeed,ztMetric,initZtGrade,finalZtGrade
3,21,195,22,2525.8790549034607,197.3754602885369,19.91761645634553,1517.5939590370824,0,2.082383543654462,1008.2850958663782,0.01,0.2711864406779661,0.6,0.6102512179660448,1.5,1,22,1.0,1200,900,91.53768269490672,A,deny until cooldown
3,30,195,22,2525.8790549034607,197.3754602885369,19.91761645634553,1517.5939590370824,0,2.082383543654462,1008.2850958663782,0.01,0.2711864406779661,0.6,0.6102512179660448,1.25,2,22,1.0,1000,900,76.28140224575559,B,C
3,15,195,22,2525.8790549034607,197.3754602885369,19.917616456345534,1517.5939590370824,0,2.082383543654462,1008.2850958663782,0.01,0.2711864406779661,0.6,0.6102512179660448,1.0,3,22,0.9002495108803148,1000,900,54.93783604880481,B,C
3,9,195,22,2525.8790549034607,197.3754602885369,19.917616456345538,1517.5939590370824,0,2.082383543654462,1008.2850958663782,0.01,0.2711864406779661,0.6,0.6102512179660448,0.8,4,22,0.9002495108803148,800,900,43.95026883904385,C,C
